Mês/Ano,Região Origem,Região Destino,Vendas de Biodiesel
01/2024,NORDESTE,NORDESTE,"52816,162"
01/2024,NORDESTE,NORTE,"280,227"
01/2024,NORTE / CENTRO OESTE,CENTRO OESTE,"88254,991"
01/2024,NORTE / CENTRO OESTE,NORDESTE,"35554,698"
01/2024,NORTE / CENTRO OESTE,NORTE,"59594,468"
01/2024,NORTE / CENTRO OESTE,SUDESTE,"55497,002"
01/2024,NORTE / CENTRO OESTE,SUL,"1156,504"
01/2024,SUDESTE,CENTRO OESTE,"9,894"
01/2024,SUDESTE,NORDESTE,"3430,304"
01/2024,SUDESTE,SUDESTE,"39191,921"
01/2024,SUL,CENTRO OESTE,"1430,887"
01/2024,SUL,NÃO INFORMADA,"3,146"
01/2024,SUL,SUDESTE,"111522,174"
01/2024,SUL,SUL,"148351,647"
12/2023,NORDESTE,NORDESTE,"51534,449"
12/2023,NORDESTE,NORTE,"1110,356"
12/2023,NORTE / CENTRO OESTE,CENTRO OESTE,"89858,068"
12/2023,NORTE / CENTRO OESTE,NÃO INFORMADA,"9,925"
12/2023,NORTE / CENTRO OESTE,NORDESTE,"43971,358"
12/2023,NORTE / CENTRO OESTE,NORTE,"61629,731"
12/2023,NORTE / CENTRO OESTE,SUDESTE,"85187,330"
12/2023,NORTE / CENTRO OESTE,SUL,"1273,139"
12/2023,SUDESTE,NORDESTE,"3442,941"
12/2023,SUDESTE,SUDESTE,"42080,277"
12/2023,SUL,CENTRO OESTE,"467,580"
12/2023,SUL,NÃO INFORMADA,"1,267"
12/2023,SUL,SUDESTE,"114646,703"
12/2023,SUL,SUL,"150103,785"
11/2023,NORDESTE,NORDESTE,"59025,186"
11/2023,NORDESTE,NORTE,"392,906"
11/2023,NORDESTE,SUDESTE,"42,673"
11/2023,NORTE / CENTRO OESTE,CENTRO OESTE,"91395,407"
11/2023,NORTE / CENTRO OESTE,NORDESTE,"50103,698"
11/2023,NORTE / CENTRO OESTE,NORTE,"60387,186"
11/2023,NORTE / CENTRO OESTE,SUDESTE,"87756,822"
11/2023,NORTE / CENTRO OESTE,SUL,"1209,396"
11/2023,SUDESTE,NORDESTE,"2328,344"
11/2023,SUDESTE,SUDESTE,"43203,475"
11/2023,SUL,CENTRO OESTE,"925,090"
11/2023,SUL,NÃO INFORMADA,"0,200"
11/2023,SUL,SUDESTE,"118728,380"
11/2023,SUL,SUL,"151254,431"
10/2023,NORDESTE,NORDESTE,"53051,729"
10/2023,NORDESTE,NORTE,"279,161"
10/2023,NORDESTE,SUDESTE,"453,079"
10/2023,NORTE / CENTRO OESTE,CENTRO OESTE,"104110,548"
10/2023,NORTE / CENTRO OESTE,NORDESTE,"50156,343"
10/2023,NORTE / CENTRO OESTE,NORTE,"65675,985"
10/2023,NORTE / CENTRO OESTE,SUDESTE,"92424,935"
10/2023,NORTE / CENTRO OESTE,SUL,"832,283"
10/2023,SUDESTE,CENTRO OESTE,"43,281"
10/2023,SUDESTE,NORDESTE,"1274,828"
10/2023,SUDESTE,SUDESTE,"39880,803"
10/2023,SUL,CENTRO OESTE,"1476,899"
10/2023,SUL,SUDESTE,"127025,574"
10/2023,SUL,SUL,"155245,440"
09/2023,NORDESTE,CENTRO OESTE,"40,627"
09/2023,NORDESTE,NORDESTE,"52807,143"
09/2023,NORDESTE,SUDESTE,"494,040"
09/2023,NORTE / CENTRO OESTE,CENTRO OESTE,"100820,337"
09/2023,NORTE / CENTRO OESTE,NORDESTE,"46557,630"
09/2023,NORTE / CENTRO OESTE,NORTE,"61539,704"
09/2023,NORTE / CENTRO OESTE,SUDESTE,"93006,964"
09/2023,NORTE / CENTRO OESTE,SUL,"1643,536"
09/2023,SUDESTE,CENTRO OESTE,"170,228"
09/2023,SUDESTE,NORDESTE,"1209,422"
09/2023,SUDESTE,SUDESTE,"33039,267"
09/2023,SUL,CENTRO OESTE,"510,243"
09/2023,SUL,NÃO INFORMADA,"3,200"
09/2023,SUL,SUDESTE,"125676,796"
09/2023,SUL,SUL,"134699,259"
08/2023,NORDESTE,NORDESTE,"58765,858"
08/2023,NORDESTE,SUDESTE,"1553,961"
08/2023,NORTE / CENTRO OESTE,CENTRO OESTE,"109264,088"
08/2023,NORTE / CENTRO OESTE,NORDESTE,"57934,854"
08/2023,NORTE / CENTRO OESTE,NORTE,"68039,573"
08/2023,NORTE / CENTRO OESTE,SUDESTE,"93817,507"
08/2023,NORTE / CENTRO OESTE,SUL,"2207,742"
08/2023,SUDESTE,CENTRO OESTE,"171,179"
08/2023,SUDESTE,NORDESTE,"1662,243"
08/2023,SUDESTE,SUDESTE,"39090,081"
08/2023,SUDESTE,SUL,"49,810"
08/2023,SUL,CENTRO OESTE,"2355,376"
08/2023,SUL,NÃO INFORMADA,"0,200"
08/2023,SUL,SUDESTE,"140525,064"
08/2023,SUL,SUL,"149576,691"
07/2023,NORDESTE,NORDESTE,"49512,541"
07/2023,NORDESTE,NORTE,"197,211"
07/2023,NORDESTE,SUDESTE,"750,352"
07/2023,NORTE / CENTRO OESTE,CENTRO OESTE,"97253,452"
07/2023,NORTE / CENTRO OESTE,NORDESTE,"53383,668"
07/2023,NORTE / CENTRO OESTE,NORTE,"70217,201"
07/2023,NORTE / CENTRO OESTE,SUDESTE,"96267,044"
07/2023,NORTE / CENTRO OESTE,SUL,"1409,619"
07/2023,SUDESTE,NORDESTE,"2260,999"
07/2023,SUDESTE,SUDESTE,"36446,166"
07/2023,SUDESTE,SUL,"99,465"
07/2023,SUL,CENTRO OESTE,"1664,470"
07/2023,SUL,NÃO INFORMADA,"0,200"
07/2023,SUL,SUDESTE,"122612,239"
07/2023,SUL,SUL,"150934,842"
06/2023,NORDESTE,CENTRO OESTE,"383,304"
06/2023,NORDESTE,NORDESTE,"42841,364"
06/2023,NORDESTE,NORTE,"1185,589"
06/2023,NORDESTE,SUDESTE,"1004,907"
06/2023,NORTE / CENTRO OESTE,CENTRO OESTE,"88793,006"
06/2023,NORTE / CENTRO OESTE,NORDESTE,"57671,136"
06/2023,NORTE / CENTRO OESTE,NORTE,"58449,618"
06/2023,NORTE / CENTRO OESTE,SUDESTE,"95902,321"
06/2023,NORTE / CENTRO OESTE,SUL,"1256,463"
06/2023,SUDESTE,CENTRO OESTE,"0,200"
06/2023,SUDESTE,NORDESTE,"1685,897"
06/2023,SUDESTE,SUDESTE,"30195,536"
06/2023,SUDESTE,SUL,"149,242"
06/2023,SUL,CENTRO OESTE,"4403,248"
06/2023,SUL,NÃO INFORMADA,"0,200"
06/2023,SUL,SUDESTE,"120728,221"
06/2023,SUL,SUL,"139431,537"
05/2023,NORDESTE,NORDESTE,"49389,204"
05/2023,NORDESTE,SUDESTE,"934,575"
05/2023,NORTE / CENTRO OESTE,CENTRO OESTE,"84891,735"
05/2023,NORTE / CENTRO OESTE,NORDESTE,"46500,584"
05/2023,NORTE / CENTRO OESTE,NORTE,"59113,890"
05/2023,NORTE / CENTRO OESTE,SUDESTE,"101336,729"
05/2023,NORTE / CENTRO OESTE,SUL,"1237,032"
05/2023,SUDESTE,NORDESTE,"1668,731"
05/2023,SUDESTE,SUDESTE,"26922,116"
05/2023,SUDESTE,SUL,"94,721"
05/2023,SUL,CENTRO OESTE,"1724,848"
05/2023,SUL,NÃO INFORMADA,"0,200"
05/2023,SUL,NORTE,"268,486"
05/2023,SUL,SUDESTE,"117349,017"
05/2023,SUL,SUL,"131080,121"
04/2023,NORDESTE,CENTRO OESTE,"456,528"
04/2023,NORDESTE,NORDESTE,"47125,515"
04/2023,NORTE / CENTRO OESTE,CENTRO OESTE,"74262,040"
04/2023,NORTE / CENTRO OESTE,NORDESTE,"38770,204"
04/2023,NORTE / CENTRO OESTE,NORTE,"54638,194"
04/2023,NORTE / CENTRO OESTE,SUDESTE,"78535,213"
04/2023,NORTE / CENTRO OESTE,SUL,"1355,714"
04/2023,SUDESTE,NORDESTE,"3611,231"
04/2023,SUDESTE,SUDESTE,"35342,739"
04/2023,SUDESTE,SUL,"205,788"
04/2023,SUL,CENTRO OESTE,"2514,263"
04/2023,SUL,SUDESTE,"105623,068"
04/2023,SUL,SUL,"132362,784"
03/2023,NORDESTE,CENTRO OESTE,"1118,272"
03/2023,NORDESTE,NORDESTE,"48028,170"
03/2023,NORDESTE,SUDESTE,"260,525"
03/2023,NORTE / CENTRO OESTE,CENTRO OESTE,"83317,451"
03/2023,NORTE / CENTRO OESTE,NORDESTE,"37957,955"
03/2023,NORTE / CENTRO OESTE,NORTE,"49475,972"
03/2023,NORTE / CENTRO OESTE,SUDESTE,"77397,875"
03/2023,NORTE / CENTRO OESTE,SUL,"599,662"
03/2023,SUDESTE,NÃO INFORMADA,"46,451"
03/2023,SUDESTE,NORDESTE,"386,113"
03/2023,SUDESTE,SUDESTE,"32541,923"
03/2023,SUDESTE,SUL,"510,498"
03/2023,SUL,CENTRO OESTE,"2158,444"
03/2023,SUL,NÃO INFORMADA,"55,588"
03/2023,SUL,NORDESTE,"1904,267"
03/2023,SUL,SUDESTE,"100721,939"
03/2023,SUL,SUL,"135764,988"
02/2023,NORDESTE,NORDESTE,"47634,216"
02/2023,NORDESTE,SUDESTE,"174,514"
02/2023,NORTE / CENTRO OESTE,CENTRO OESTE,"75107,254"
02/2023,NORTE / CENTRO OESTE,NORDESTE,"21275,240"
02/2023,NORTE / CENTRO OESTE,NORTE,"44182,570"
02/2023,NORTE / CENTRO OESTE,SUDESTE,"60571,857"
02/2023,NORTE / CENTRO OESTE,SUL,"155,357"
02/2023,SUDESTE,NORDESTE,"652,557"
02/2023,SUDESTE,SUDESTE,"33328,771"
02/2023,SUL,CENTRO OESTE,"778,182"
02/2023,SUL,NORDESTE,"240,087"
02/2023,SUL,SUDESTE,"73105,813"
02/2023,SUL,SUL,"106747,918"
01/2023,NORDESTE,NORDESTE,"52996,668"
01/2023,NORDESTE,SUDESTE,"642,802"
01/2023,NORTE / CENTRO OESTE,CENTRO OESTE,"59639,076"
01/2023,NORTE / CENTRO OESTE,NORDESTE,"24419,988"
01/2023,NORTE / CENTRO OESTE,NORTE,"47508,495"
01/2023,NORTE / CENTRO OESTE,SUDESTE,"59595,621"
01/2023,NORTE / CENTRO OESTE,SUL,"228,633"
01/2023,SUDESTE,NORDESTE,"828,090"
01/2023,SUDESTE,SUDESTE,"29365,734"
01/2023,SUDESTE,SUL,"169,987"
01/2023,SUL,CENTRO OESTE,"1432,856"
01/2023,SUL,NÃO INFORMADA,"2,965"
01/2023,SUL,NORDESTE,"950,000"
01/2023,SUL,SUDESTE,"82091,381"
01/2023,SUL,SUL,"101724,284"
12/2022,NORDESTE,NORDESTE,"55108,749"
12/2022,NORTE / CENTRO OESTE,CENTRO OESTE,"65718,837"
12/2022,NORTE / CENTRO OESTE,NORDESTE,"25859,501"
12/2022,NORTE / CENTRO OESTE,NORTE,"50676,242"
12/2022,NORTE / CENTRO OESTE,SUDESTE,"53920,057"
12/2022,NORTE / CENTRO OESTE,SUL,"41,651"
12/2022,SUDESTE,NORDESTE,"2765,570"
12/2022,SUDESTE,SUDESTE,"30251,804"
12/2022,SUDESTE,SUL,"826,218"
12/2022,SUL,CENTRO OESTE,"462,086"
12/2022,SUL,NORDESTE,"130,000"
12/2022,SUL,NORTE,"85,665"
12/2022,SUL,SUDESTE,"76980,169"
12/2022,SUL,SUL,"118168,714"
11/2022,NORDESTE,NORDESTE,"54101,630"
11/2022,NORTE / CENTRO OESTE,CENTRO OESTE,"72606,694"
11/2022,NORTE / CENTRO OESTE,NORDESTE,"29566,902"
11/2022,NORTE / CENTRO OESTE,NORTE,"51883,183"
11/2022,NORTE / CENTRO OESTE,SUDESTE,"67697,610"
11/2022,NORTE / CENTRO OESTE,SUL,"219,648"
11/2022,SUDESTE,NORDESTE,"1824,797"
11/2022,SUDESTE,SUDESTE,"35940,148"
11/2022,SUDESTE,SUL,"549,955"
11/2022,SUL,CENTRO OESTE,"837,105"
11/2022,SUL,NORDESTE,"1770,000"
11/2022,SUL,SUDESTE,"93864,917"
11/2022,SUL,SUL,"127607,181"
10/2022,NORDESTE,CENTRO OESTE,"109,132"
10/2022,NORDESTE,NORDESTE,"49444,205"
10/2022,NORDESTE,SUDESTE,"524,653"
10/2022,NORTE / CENTRO OESTE,CENTRO OESTE,"86187,965"
10/2022,NORTE / CENTRO OESTE,NORDESTE,"26981,287"
10/2022,NORTE / CENTRO OESTE,NORTE,"51043,329"
10/2022,NORTE / CENTRO OESTE,SUDESTE,"73759,658"
10/2022,NORTE / CENTRO OESTE,SUL,"87,470"
10/2022,SUDESTE,CENTRO OESTE,"283,820"
10/2022,SUDESTE,NORDESTE,"1363,882"
10/2022,SUDESTE,SUDESTE,"33649,813"
10/2022,SUL,CENTRO OESTE,"970,719"
10/2022,SUL,NÃO INFORMADA,"3,102"
10/2022,SUL,NORDESTE,"1500,000"
10/2022,SUL,SUDESTE,"94202,726"
10/2022,SUL,SUL,"120578,908"
09/2022,NORDESTE,NORDESTE,"53048,076"
09/2022,NORDESTE,SUDESTE,"1228,445"
09/2022,NORTE / CENTRO OESTE,CENTRO OESTE,"80248,468"
09/2022,NORTE / CENTRO OESTE,NORDESTE,"33404,937"
09/2022,NORTE / CENTRO OESTE,NORTE,"53780,464"
09/2022,NORTE / CENTRO OESTE,SUDESTE,"64531,249"
09/2022,NORTE / CENTRO OESTE,SUL,"1632,697"
09/2022,SUDESTE,CENTRO OESTE,"252,111"
09/2022,SUDESTE,NORDESTE,"1594,083"
09/2022,SUDESTE,SUDESTE,"37038,014"
09/2022,SUL,CENTRO OESTE,"466,739"
09/2022,SUL,NÃO INFORMADA,"3,970"
09/2022,SUL,NORDESTE,"3500,000"
09/2022,SUL,SUDESTE,"96899,676"
09/2022,SUL,SUL,"122424,987"
08/2022,NORDESTE,NORDESTE,"67531,988"
08/2022,NORDESTE,SUDESTE,"1446,078"
08/2022,NORTE / CENTRO OESTE,CENTRO OESTE,"82403,742"
08/2022,NORTE / CENTRO OESTE,NORDESTE,"23935,573"
08/2022,NORTE / CENTRO OESTE,NORTE,"60107,483"
08/2022,NORTE / CENTRO OESTE,SUDESTE,"78186,595"
08/2022,NORTE / CENTRO OESTE,SUL,"15072,440"
08/2022,SUDESTE,NORDESTE,"1070,638"
08/2022,SUDESTE,SUDESTE,"40390,261"
08/2022,SUDESTE,SUL,"5731,029"
08/2022,SUL,CENTRO OESTE,"2692,406"
08/2022,SUL,NORDESTE,"4955,000"
08/2022,SUL,NORTE,"596,135"
08/2022,SUL,SUDESTE,"106216,665"
08/2022,SUL,SUL,"125479,350"
07/2022,NORDESTE,NORDESTE,"57095,339"
07/2022,NORDESTE,SUDESTE,"1288,730"
07/2022,NORTE / CENTRO OESTE,CENTRO OESTE,"72731,660"
07/2022,NORTE / CENTRO OESTE,NORDESTE,"18701,253"
07/2022,NORTE / CENTRO OESTE,NORTE,"55932,436"
07/2022,NORTE / CENTRO OESTE,SUDESTE,"61229,070"
07/2022,NORTE / CENTRO OESTE,SUL,"8042,083"
07/2022,SUDESTE,CENTRO OESTE,"157,120"
07/2022,SUDESTE,NORDESTE,"1060,232"
07/2022,SUDESTE,SUDESTE,"35432,046"
07/2022,SUDESTE,SUL,"3965,119"
07/2022,SUL,CENTRO OESTE,"2116,255"
07/2022,SUL,NÃO INFORMADA,"2,966"
07/2022,SUL,NORDESTE,"500,000"
07/2022,SUL,NORTE,"476,777"
07/2022,SUL,SUDESTE,"100716,091"
07/2022,SUL,SUL,"110249,921"
06/2022,NORDESTE,NORDESTE,"56786,923"
06/2022,NORDESTE,SUDESTE,"287,135"
06/2022,NORTE / CENTRO OESTE,CENTRO OESTE,"68405,020"
06/2022,NORTE / CENTRO OESTE,NORDESTE,"19643,109"
06/2022,NORTE / CENTRO OESTE,NORTE,"51067,069"
06/2022,NORTE / CENTRO OESTE,SUDESTE,"57174,594"
06/2022,NORTE / CENTRO OESTE,SUL,"1177,198"
06/2022,SUDESTE,CENTRO OESTE,"114,368"
06/2022,SUDESTE,NORDESTE,"985,602"
06/2022,SUDESTE,SUDESTE,"36130,371"
06/2022,SUDESTE,SUL,"1848,987"
06/2022,SUL,CENTRO OESTE,"2602,371"
06/2022,SUL,NÃO INFORMADA,"3,192"
06/2022,SUL,NORTE,"174,031"
06/2022,SUL,SUDESTE,"109454,247"
06/2022,SUL,SUL,"105273,976"
05/2022,NORDESTE,NORDESTE,"50556,860"
05/2022,NORDESTE,NORTE,"141,520"
05/2022,NORDESTE,SUDESTE,"56,076"
05/2022,NORTE / CENTRO OESTE,CENTRO OESTE,"68889,766"
05/2022,NORTE / CENTRO OESTE,NORDESTE,"21917,689"
05/2022,NORTE / CENTRO OESTE,NORTE,"56480,374"
05/2022,NORTE / CENTRO OESTE,SUDESTE,"60515,611"
05/2022,NORTE / CENTRO OESTE,SUL,"1767,282"
05/2022,SUDESTE,CENTRO OESTE,"228,373"
05/2022,SUDESTE,NORDESTE,"1415,143"
05/2022,SUDESTE,SUDESTE,"37731,407"
05/2022,SUDESTE,SUL,"2775,374"
05/2022,SUL,CENTRO OESTE,"3372,785"
05/2022,SUL,NÃO INFORMADA,"458,751"
05/2022,SUL,NORDESTE,"3500,000"
05/2022,SUL,NORTE,"939,566"
05/2022,SUL,SUDESTE,"114470,649"
05/2022,SUL,SUL,"118665,392"
04/2022,NORDESTE,NORDESTE,"51535,527"
04/2022,NORDESTE,NORTE,"331,745"
04/2022,NORDESTE,SUDESTE,"283,694"
04/2022,NORDESTE,SUL,"54,878"
04/2022,NORTE / CENTRO OESTE,CENTRO OESTE,"59512,872"
04/2022,NORTE / CENTRO OESTE,NORDESTE,"24382,894"
04/2022,NORTE / CENTRO OESTE,NORTE,"51690,472"
04/2022,NORTE / CENTRO OESTE,SUDESTE,"43516,414"
04/2022,NORTE / CENTRO OESTE,SUL,"867,361"
04/2022,SUDESTE,CENTRO OESTE,"56,567"
04/2022,SUDESTE,NORDESTE,"3505,957"
04/2022,SUDESTE,SUDESTE,"32647,031"
04/2022,SUDESTE,SUL,"123,838"
04/2022,SUL,CENTRO OESTE,"3953,076"
04/2022,SUL,NÃO INFORMADA,"2,975"
04/2022,SUL,NORTE,"910,304"
04/2022,SUL,SUDESTE,"87002,682"
04/2022,SUL,SUL,"118562,460"
03/2022,NORDESTE,NORDESTE,"43430,613"
03/2022,NORTE / CENTRO OESTE,CENTRO OESTE,"67119,058"
03/2022,NORTE / CENTRO OESTE,NORDESTE,"27940,668"
03/2022,NORTE / CENTRO OESTE,NORTE,"49799,315"
03/2022,NORTE / CENTRO OESTE,SUDESTE,"49129,619"
03/2022,NORTE / CENTRO OESTE,SUL,"1476,214"
03/2022,SUDESTE,CENTRO OESTE,"286,921"
03/2022,SUDESTE,NORDESTE,"2868,703"
03/2022,SUDESTE,SUDESTE,"31758,816"
03/2022,SUDESTE,SUL,"425,493"
03/2022,SUL,CENTRO OESTE,"4555,041"
03/2022,SUL,NORTE,"1197,221"
03/2022,SUL,SUDESTE,"102228,771"
03/2022,SUL,SUL,"119300,607"
02/2022,NORDESTE,NORDESTE,"42425,232"
02/2022,NORDESTE,SUDESTE,"1585,014"
02/2022,NORTE / CENTRO OESTE,CENTRO OESTE,"72031,912"
02/2022,NORTE / CENTRO OESTE,NORDESTE,"18393,867"
02/2022,NORTE / CENTRO OESTE,NORTE,"56920,925"
02/2022,NORTE / CENTRO OESTE,SUDESTE,"42988,410"
02/2022,NORTE / CENTRO OESTE,SUL,"1139,279"
02/2022,SUDESTE,CENTRO OESTE,"2247,656"
02/2022,SUDESTE,NORDESTE,"3171,533"
02/2022,SUDESTE,SUDESTE,"30111,747"
02/2022,SUL,CENTRO OESTE,"2873,230"
02/2022,SUL,NORTE,"540,278"
02/2022,SUL,SUDESTE,"94361,004"
02/2022,SUL,SUL,"107804,120"
01/2022,NORDESTE,NORDESTE,"39141,473"
01/2022,NORDESTE,SUDESTE,"992,558"
01/2022,NORTE / CENTRO OESTE,CENTRO OESTE,"50017,403"
01/2022,NORTE / CENTRO OESTE,NORDESTE,"21052,589"
01/2022,NORTE / CENTRO OESTE,NORTE,"53530,661"
01/2022,NORTE / CENTRO OESTE,SUDESTE,"34677,126"
01/2022,NORTE / CENTRO OESTE,SUL,"982,515"
01/2022,SUDESTE,CENTRO OESTE,"1388,269"
01/2022,SUDESTE,NORDESTE,"3376,080"
01/2022,SUDESTE,SUDESTE,"26614,536"
01/2022,SUDESTE,SUL,"5167,007"
01/2022,SUL,CENTRO OESTE,"1943,333"
01/2022,SUL,NÃO INFORMADA,"2,958"
01/2022,SUL,SUDESTE,"83871,477"
01/2022,SUL,SUL,"103314,402"
12/2021,NORDESTE,CENTRO OESTE,"622,419"
12/2021,NORDESTE,NORDESTE,"11237,067"
12/2021,NORDESTE,NORTE,"331,722"
12/2021,NORDESTE,SUDESTE,"27814,216"
12/2021,NORTE / CENTRO OESTE,CENTRO OESTE,"97021,330"
12/2021,NORTE / CENTRO OESTE,NORDESTE,"14242,163"
12/2021,NORTE / CENTRO OESTE,NORTE,"50063,731"
12/2021,NORTE / CENTRO OESTE,SUDESTE,"30982,595"
12/2021,SUDESTE,CENTRO OESTE,"791,549"
12/2021,SUDESTE,SUDESTE,"31585,508"
12/2021,SUL,CENTRO OESTE,"803,456"
12/2021,SUL,SUDESTE,"122849,340"
12/2021,SUL,SUL,"136626,685"
11/2021,NORDESTE,NORDESTE,"9236,058"
11/2021,NORDESTE,SUDESTE,"25555,329"
11/2021,NORTE / CENTRO OESTE,CENTRO OESTE,"118994,238"
11/2021,NORTE / CENTRO OESTE,NORDESTE,"14822,466"
11/2021,NORTE / CENTRO OESTE,NORTE,"43763,391"
11/2021,NORTE / CENTRO OESTE,SUDESTE,"24620,142"
11/2021,SUDESTE,NORTE,"42,359"
11/2021,SUDESTE,SUDESTE,"29400,156"
11/2021,SUDESTE,SUL,"0,344"
11/2021,SUL,CENTRO OESTE,"986,300"
11/2021,SUL,SUDESTE,"120919,536"
11/2021,SUL,SUL,"131068,950"
10/2021,NORDESTE,NORDESTE,"9157,294"
10/2021,NORDESTE,NORTE,"141,568"
10/2021,NORDESTE,SUDESTE,"36649,845"
10/2021,NORTE / CENTRO OESTE,CENTRO OESTE,"145996,651"
10/2021,NORTE / CENTRO OESTE,NORDESTE,"22140,862"
10/2021,NORTE / CENTRO OESTE,NORTE,"58770,137"
10/2021,NORTE / CENTRO OESTE,SUDESTE,"34860,801"
10/2021,SUDESTE,CENTRO OESTE,"2570,710"
10/2021,SUDESTE,NORDESTE,"55,274"
10/2021,SUDESTE,SUDESTE,"39896,249"
10/2021,SUL,CENTRO OESTE,"40,623"
10/2021,SUL,NÃO INFORMADA,"12,867"
10/2021,SUL,SUDESTE,"134058,371"
10/2021,SUL,SUL,"153114,105"
09/2021,NORDESTE,CENTRO OESTE,"42,609"
09/2021,NORDESTE,NORDESTE,"10388,104"
09/2021,NORDESTE,NORTE,"57,833"
09/2021,NORDESTE,SUDESTE,"34989,740"
09/2021,NORTE / CENTRO OESTE,CENTRO OESTE,"138708,525"
09/2021,NORTE / CENTRO OESTE,NORDESTE,"16367,864"
09/2021,NORTE / CENTRO OESTE,NORTE,"51236,728"
09/2021,NORTE / CENTRO OESTE,SUDESTE,"37279,833"
09/2021,SUDESTE,CENTRO OESTE,"2126,261"
09/2021,SUDESTE,SUDESTE,"41861,054"
09/2021,SUL,SUDESTE,"133536,042"
09/2021,SUL,SUL,"146603,796"
08/2021,NORDESTE,NORDESTE,"16716,201"
08/2021,NORDESTE,SUDESTE,"12576,293"
08/2021,NORTE / CENTRO OESTE,CENTRO OESTE,"109653,854"
08/2021,NORTE / CENTRO OESTE,NORDESTE,"28670,544"
08/2021,NORTE / CENTRO OESTE,NORTE,"40672,964"
08/2021,NORTE / CENTRO OESTE,SUDESTE,"62567,042"
08/2021,NORTE / CENTRO OESTE,SUL,"39,716"
08/2021,SUDESTE,NORDESTE,"651,633"
08/2021,SUDESTE,SUDESTE,"24538,069"
08/2021,SUL,CENTRO OESTE,"154,986"
08/2021,SUL,NÃO INFORMADA,"13,783"
08/2021,SUL,SUDESTE,"125059,457"
08/2021,SUL,SUL,"137841,772"
07/2021,NORDESTE,NORDESTE,"26657,189"
07/2021,NORDESTE,NORTE,"113,954"
07/2021,NORDESTE,SUDESTE,"309,196"
07/2021,NORTE / CENTRO OESTE,CENTRO OESTE,"87357,348"
07/2021,NORTE / CENTRO OESTE,NORDESTE,"51955,744"
07/2021,NORTE / CENTRO OESTE,NORTE,"45622,499"
07/2021,NORTE / CENTRO OESTE,SUDESTE,"56901,211"
07/2021,NORTE / CENTRO OESTE,SUL,"678,240"
07/2021,SUDESTE,NORDESTE,"3128,398"
07/2021,SUDESTE,SUDESTE,"20406,204"
07/2021,SUL,CENTRO OESTE,"56,632"
07/2021,SUL,NÃO INFORMADA,"1,977"
07/2021,SUL,SUDESTE,"122272,809"
07/2021,SUL,SUL,"124701,735"
06/2021,NORDESTE,NORDESTE,"27419,067"
06/2021,NORDESTE,NORTE,"57,338"
06/2021,NORTE / CENTRO OESTE,CENTRO OESTE,"83755,658"
06/2021,NORTE / CENTRO OESTE,NORDESTE,"37559,747"
06/2021,NORTE / CENTRO OESTE,NORTE,"38884,648"
06/2021,NORTE / CENTRO OESTE,SUDESTE,"50451,197"
06/2021,NORTE / CENTRO OESTE,SUL,"145,273"
06/2021,SUDESTE,CENTRO OESTE,"646,939"
06/2021,SUDESTE,NORDESTE,"797,794"
06/2021,SUDESTE,SUDESTE,"36423,398"
06/2021,SUL,CENTRO OESTE,"115,513"
06/2021,SUL,NÃO INFORMADA,"3,946"
06/2021,SUL,SUDESTE,"116499,617"
06/2021,SUL,SUL,"119044,246"
05/2021,NORDESTE,CENTRO OESTE,"222,870"
05/2021,NORDESTE,NORDESTE,"24681,128"
05/2021,NORTE / CENTRO OESTE,CENTRO OESTE,"77781,509"
05/2021,NORTE / CENTRO OESTE,NORDESTE,"35778,093"
05/2021,NORTE / CENTRO OESTE,NORTE,"41039,573"
05/2021,NORTE / CENTRO OESTE,SUDESTE,"48988,351"
05/2021,NORTE / CENTRO OESTE,SUL,"102,849"
05/2021,SUDESTE,CENTRO OESTE,"436,978"
05/2021,SUDESTE,NORDESTE,"802,436"
05/2021,SUDESTE,SUDESTE,"33678,795"
05/2021,SUL,SUDESTE,"121004,092"
05/2021,SUL,SUL,"120621,900"
04/2021,NORDESTE,CENTRO OESTE,"421,724"
04/2021,NORDESTE,NORDESTE,"48590,002"
04/2021,NORDESTE,SUDESTE,"854,128"
04/2021,NORTE / CENTRO OESTE,CENTRO OESTE,"82546,901"
04/2021,NORTE / CENTRO OESTE,NORDESTE,"42352,822"
04/2021,NORTE / CENTRO OESTE,NORTE,"48992,223"
04/2021,NORTE / CENTRO OESTE,SUDESTE,"77021,284"
04/2021,NORTE / CENTRO OESTE,SUL,"2403,253"
04/2021,SUDESTE,CENTRO OESTE,"330,663"
04/2021,SUDESTE,NORDESTE,"4374,949"
04/2021,SUDESTE,SUDESTE,"36735,075"
04/2021,SUL,CENTRO OESTE,"90,823"
04/2021,SUL,NÃO INFORMADA,"13,848"
04/2021,SUL,NORDESTE,"128,818"
04/2021,SUL,SUDESTE,"135433,328"
04/2021,SUL,SUL,"168125,911"
03/2021,NORDESTE,CENTRO OESTE,"937,239"
03/2021,NORDESTE,NORDESTE,"49597,865"
03/2021,NORTE / CENTRO OESTE,CENTRO OESTE,"98152,836"
03/2021,NORTE / CENTRO OESTE,NORDESTE,"34486,282"
03/2021,NORTE / CENTRO OESTE,NORTE,"50468,290"
03/2021,NORTE / CENTRO OESTE,SUDESTE,"62270,528"
03/2021,NORTE / CENTRO OESTE,SUL,"1517,230"
03/2021,SUDESTE,CENTRO OESTE,"275,615"
03/2021,SUDESTE,NORDESTE,"3674,961"
03/2021,SUDESTE,SUDESTE,"40176,295"
03/2021,SUL,NÃO INFORMADA,"1,974"
03/2021,SUL,SUDESTE,"135368,442"
03/2021,SUL,SUL,"171196,410"
02/2021,NORDESTE,NORDESTE,"38262,107"
02/2021,NORTE / CENTRO OESTE,CENTRO OESTE,"87558,394"
02/2021,NORTE / CENTRO OESTE,NORDESTE,"45099,608"
02/2021,NORTE / CENTRO OESTE,NORTE,"50109,213"
02/2021,NORTE / CENTRO OESTE,SUDESTE,"38788,106"
02/2021,NORTE / CENTRO OESTE,SUL,"2016,910"
02/2021,SUDESTE,CENTRO OESTE,"200,956"
02/2021,SUDESTE,NORDESTE,"3700,884"
02/2021,SUDESTE,SUDESTE,"34234,126"
02/2021,SUDESTE,SUL,"494,739"
02/2021,SUL,CENTRO OESTE,"883,818"
02/2021,SUL,NÃO INFORMADA,"9,885"
02/2021,SUL,SUDESTE,"137866,156"
02/2021,SUL,SUL,"129635,631"
01/2021,NORDESTE,NORDESTE,"34836,121"
01/2021,NORTE / CENTRO OESTE,CENTRO OESTE,"77880,008"
01/2021,NORTE / CENTRO OESTE,NORDESTE,"43913,468"
01/2021,NORTE / CENTRO OESTE,NORTE,"44681,842"
01/2021,NORTE / CENTRO OESTE,SUDESTE,"34634,000"
01/2021,NORTE / CENTRO OESTE,SUL,"283,530"
01/2021,SUDESTE,CENTRO OESTE,"313,132"
01/2021,SUDESTE,NORDESTE,"3738,249"
01/2021,SUDESTE,SUDESTE,"31736,379"
01/2021,SUDESTE,SUL,"183,459"
01/2021,SUL,CENTRO OESTE,"467,754"
01/2021,SUL,SUDESTE,"130787,112"
01/2021,SUL,SUL,"130201,425"
12/2020,NORDESTE,NORDESTE,"31229,578"
12/2020,NORTE / CENTRO OESTE,CENTRO OESTE,"72395,339"
12/2020,NORTE / CENTRO OESTE,NORDESTE,"46550,594"
12/2020,NORTE / CENTRO OESTE,NORTE,"37435,362"
12/2020,NORTE / CENTRO OESTE,SUDESTE,"36916,065"
12/2020,NORTE / CENTRO OESTE,SUL,"776,840"
12/2020,SUDESTE,CENTRO OESTE,"2063,792"
12/2020,SUDESTE,NORDESTE,"6182,382"
12/2020,SUDESTE,SUDESTE,"30044,547"
12/2020,SUL,CENTRO OESTE,"421,925"
12/2020,SUL,NÃO INFORMADA,"9,879"
12/2020,SUL,NORDESTE,"347,536"
12/2020,SUL,SUDESTE,"113891,361"
12/2020,SUL,SUL,"110887,492"
11/2020,NORDESTE,NORDESTE,"34870,385"
11/2020,NORDESTE,NORTE,"154,321"
11/2020,NORTE / CENTRO OESTE,CENTRO OESTE,"81304,009"
11/2020,NORTE / CENTRO OESTE,NORDESTE,"40411,460"
11/2020,NORTE / CENTRO OESTE,NORTE,"41868,734"
11/2020,NORTE / CENTRO OESTE,SUDESTE,"35363,176"
11/2020,NORTE / CENTRO OESTE,SUL,"2892,710"
11/2020,SUDESTE,CENTRO OESTE,"2323,334"
11/2020,SUDESTE,NORDESTE,"5528,255"
11/2020,SUDESTE,SUDESTE,"31439,703"
11/2020,SUL,CENTRO OESTE,"209,496"
11/2020,SUL,NÃO INFORMADA,"0,987"
11/2020,SUL,NORDESTE,"288,187"
11/2020,SUL,SUDESTE,"116410,565"
11/2020,SUL,SUL,"128025,485"
10/2020,NORDESTE,NORDESTE,"45821,253"
10/2020,NORDESTE,NORTE,"1053,846"
10/2020,NORTE / CENTRO OESTE,CENTRO OESTE,"93982,503"
10/2020,NORTE / CENTRO OESTE,NORDESTE,"51049,543"
10/2020,NORTE / CENTRO OESTE,NORTE,"44580,513"
10/2020,NORTE / CENTRO OESTE,SUDESTE,"54188,290"
10/2020,NORTE / CENTRO OESTE,SUL,"4509,961"
10/2020,SUDESTE,CENTRO OESTE,"190,488"
10/2020,SUDESTE,NORDESTE,"1860,053"
10/2020,SUDESTE,SUDESTE,"40880,843"
10/2020,SUL,CENTRO OESTE,"214,903"
10/2020,SUL,NÃO INFORMADA,"4,000"
10/2020,SUL,NORDESTE,"1129,784"
10/2020,SUL,SUDESTE,"113963,078"
10/2020,SUL,SUL,"130879,900"
09/2020,NORDESTE,NORDESTE,"42406,211"
09/2020,NORDESTE,NORTE,"1222,095"
09/2020,NORTE / CENTRO OESTE,CENTRO OESTE,"97464,113"
09/2020,NORTE / CENTRO OESTE,NORDESTE,"46985,461"
09/2020,NORTE / CENTRO OESTE,NORTE,"49666,421"
09/2020,NORTE / CENTRO OESTE,SUDESTE,"57736,484"
09/2020,SUDESTE,NORDESTE,"1478,274"
09/2020,SUDESTE,SUDESTE,"41967,481"
09/2020,SUL,NÃO INFORMADA,"1,000"
09/2020,SUL,NORDESTE,"323,981"
09/2020,SUL,SUDESTE,"115798,372"
09/2020,SUL,SUL,"126247,583"
08/2020,NORDESTE,NORDESTE,"46259,559"
08/2020,NORDESTE,NORTE,"338,101"
08/2020,NORDESTE,SUDESTE,"134,402"
08/2020,NORDESTE,SUL,"24,715"
08/2020,NORTE / CENTRO OESTE,CENTRO OESTE,"90413,031"
08/2020,NORTE / CENTRO OESTE,NORDESTE,"45825,486"
08/2020,NORTE / CENTRO OESTE,NORTE,"55830,202"
08/2020,NORTE / CENTRO OESTE,SUDESTE,"53684,374"
08/2020,NORTE / CENTRO OESTE,SUL,"6346,621"
08/2020,SUDESTE,CENTRO OESTE,"2429,084"
08/2020,SUDESTE,NORDESTE,"3738,843"
08/2020,SUDESTE,SUDESTE,"49077,005"
08/2020,SUL,CENTRO OESTE,"425,472"
08/2020,SUL,NÃO INFORMADA,"1,000"
08/2020,SUL,NORDESTE,"404,992"
08/2020,SUL,SUDESTE,"131700,458"
08/2020,SUL,SUL,"129085,076"
07/2020,NORDESTE,NORDESTE,"50520,518"
07/2020,NORDESTE,NORTE,"599,669"
07/2020,NORDESTE,SUDESTE,"144,887"
07/2020,NORTE / CENTRO OESTE,CENTRO OESTE,"110480,787"
07/2020,NORTE / CENTRO OESTE,NORDESTE,"36044,590"
07/2020,NORTE / CENTRO OESTE,NORTE,"64725,314"
07/2020,NORTE / CENTRO OESTE,SUDESTE,"56106,658"
07/2020,NORTE / CENTRO OESTE,SUL,"5509,570"
07/2020,SUDESTE,CENTRO OESTE,"82,496"
07/2020,SUDESTE,NORDESTE,"2379,554"
07/2020,SUDESTE,SUDESTE,"51680,050"
07/2020,SUL,CENTRO OESTE,"14,886"
07/2020,SUL,NÃO INFORMADA,"5,853"
07/2020,SUL,SUDESTE,"112773,838"
07/2020,SUL,SUL,"132610,314"
06/2020,NORDESTE,CENTRO OESTE,"154,541"
06/2020,NORDESTE,NORDESTE,"36854,975"
06/2020,NORDESTE,NORTE,"366,815"
06/2020,NORDESTE,SUDESTE,"394,113"
06/2020,NORTE / CENTRO OESTE,CENTRO OESTE,"78348,932"
06/2020,NORTE / CENTRO OESTE,NORDESTE,"37746,564"
06/2020,NORTE / CENTRO OESTE,NORTE,"48269,303"
06/2020,NORTE / CENTRO OESTE,SUDESTE,"53039,521"
06/2020,NORTE / CENTRO OESTE,SUL,"959,850"
06/2020,SUDESTE,CENTRO OESTE,"278,766"
06/2020,SUDESTE,NORDESTE,"138,730"
06/2020,SUDESTE,SUDESTE,"42819,336"
06/2020,SUDESTE,SUL,"508,784"
06/2020,SUL,CENTRO OESTE,"57,729"
06/2020,SUL,NORDESTE,"131,227"
06/2020,SUL,SUDESTE,"104275,267"
06/2020,SUL,SUL,"121851,524"
05/2020,NORDESTE,NORDESTE,"30223,725"
05/2020,NORTE / CENTRO OESTE,CENTRO OESTE,"86708,443"
05/2020,NORTE / CENTRO OESTE,NÃO INFORMADA,"45,000"
05/2020,NORTE / CENTRO OESTE,NORDESTE,"35860,008"
05/2020,NORTE / CENTRO OESTE,NORTE,"41677,719"
05/2020,NORTE / CENTRO OESTE,SUDESTE,"51978,901"
05/2020,NORTE / CENTRO OESTE,SUL,"102,040"
05/2020,SUDESTE,CENTRO OESTE,"383,903"
05/2020,SUDESTE,SUDESTE,"28038,160"
05/2020,SUL,SUDESTE,"103543,856"
05/2020,SUL,SUL,"121488,194"
04/2020,NORDESTE,NORDESTE,"31883,058"
04/2020,NORTE / CENTRO OESTE,CENTRO OESTE,"58504,720"
04/2020,NORTE / CENTRO OESTE,NORDESTE,"36792,475"
04/2020,NORTE / CENTRO OESTE,NORTE,"34463,249"
04/2020,NORTE / CENTRO OESTE,SUDESTE,"72917,114"
04/2020,NORTE / CENTRO OESTE,SUL,"97,840"
04/2020,SUDESTE,NORDESTE,"1650,398"
04/2020,SUDESTE,SUDESTE,"38368,331"
04/2020,SUDESTE,SUL,"453,103"
04/2020,SUL,SUDESTE,"74482,346"
04/2020,SUL,SUL,"118083,764"
03/2020,NORDESTE,NORDESTE,"32987,588"
03/2020,NORTE / CENTRO OESTE,CENTRO OESTE,"84336,487"
03/2020,NORTE / CENTRO OESTE,NORDESTE,"40326,985"
03/2020,NORTE / CENTRO OESTE,NORTE,"41926,432"
03/2020,NORTE / CENTRO OESTE,SUDESTE,"72437,852"
03/2020,NORTE / CENTRO OESTE,SUL,"593,067"
03/2020,SUDESTE,NORDESTE,"1901,091"
03/2020,SUDESTE,SUDESTE,"47980,594"
03/2020,SUDESTE,SUL,"594,450"
03/2020,SUL,CENTRO OESTE,"14,796"
03/2020,SUL,NÃO INFORMADO,"0,049"
03/2020,SUL,SUDESTE,"79397,361"
03/2020,SUL,SUL,"125910,977"
02/2020,NORDESTE,NORDESTE,"42891,508"
02/2020,NORDESTE,SUDESTE,"55,833"
02/2020,NORTE / CENTRO OESTE,CENTRO OESTE,"76509,123"
02/2020,NORTE / CENTRO OESTE,NÃO INFORMADA,"107,000"
02/2020,NORTE / CENTRO OESTE,NORDESTE,"31231,160"
02/2020,NORTE / CENTRO OESTE,NORTE,"48154,274"
02/2020,NORTE / CENTRO OESTE,SUDESTE,"49525,750"
02/2020,NORTE / CENTRO OESTE,SUL,"1005,195"
02/2020,SUDESTE,CENTRO OESTE,"256,276"
02/2020,SUDESTE,NORDESTE,"126,199"
02/2020,SUDESTE,SUDESTE,"36583,695"
02/2020,SUL,CENTRO OESTE,"93,123"
02/2020,SUL,SUDESTE,"84433,694"
02/2020,SUL,SUL,"112273,237"
01/2020,NORDESTE,NORDESTE,"44235,480"
01/2020,NORTE / CENTRO OESTE,CENTRO OESTE,"74490,007"
01/2020,NORTE / CENTRO OESTE,NORDESTE,"31863,291"
01/2020,NORTE / CENTRO OESTE,NORTE,"47257,863"
01/2020,NORTE / CENTRO OESTE,SUDESTE,"48848,664"
01/2020,NORTE / CENTRO OESTE,SUL,"394,448"
01/2020,SUDESTE,CENTRO OESTE,"450,464"
01/2020,SUDESTE,SUDESTE,"33008,147"
01/2020,SUL,CENTRO OESTE,"14,819"
01/2020,SUL,SUDESTE,"84697,754"
01/2020,SUL,SUL,"118525,142"
12/2019,NORDESTE,NORDESTE,"40146,163"
12/2019,NORTE / CENTRO OESTE,CENTRO OESTE,"77561,012"
12/2019,NORTE / CENTRO OESTE,NORDESTE,"42104,344"
12/2019,NORTE / CENTRO OESTE,NORTE,"41710,226"
12/2019,NORTE / CENTRO OESTE,SUDESTE,"50016,208"
12/2019,NORTE / CENTRO OESTE,SUL,"406,268"
12/2019,SUDESTE,CENTRO OESTE,"40,469"
12/2019,SUDESTE,NORDESTE,"436,837"
12/2019,SUDESTE,SUDESTE,"44745,017"
12/2019,SUL,CENTRO OESTE,"8,898"
12/2019,SUL,NÃO INFORMADA,"5,915"
12/2019,SUL,SUDESTE,"82245,965"
12/2019,SUL,SUL,"113101,921"
11/2019,NORDESTE,NORDESTE,"40676,104"
11/2019,NORTE / CENTRO OESTE,CENTRO OESTE,"79191,712"
11/2019,NORTE / CENTRO OESTE,NORDESTE,"45384,979"
11/2019,NORTE / CENTRO OESTE,NORTE,"43542,672"
11/2019,NORTE / CENTRO OESTE,SUDESTE,"56340,401"
11/2019,NORTE / CENTRO OESTE,SUL,"381,092"
11/2019,SUDESTE,CENTRO OESTE,"124,543"
11/2019,SUDESTE,NORDESTE,"316,450"
11/2019,SUDESTE,SUDESTE,"49075,662"
11/2019,SUL,CENTRO OESTE,"8,867"
11/2019,SUL,SUDESTE,"91054,141"
11/2019,SUL,SUL,"121869,870"
10/2019,NORDESTE,NORDESTE,"43195,341"
10/2019,NORTE / CENTRO OESTE,CENTRO OESTE,"97013,455"
10/2019,NORTE / CENTRO OESTE,NORDESTE,"46474,284"
10/2019,NORTE / CENTRO OESTE,NORTE,"54354,608"
10/2019,NORTE / CENTRO OESTE,SUDESTE,"56313,687"
10/2019,NORTE / CENTRO OESTE,SUL,"2252,892"
10/2019,SUDESTE,CENTRO OESTE,"300,432"
10/2019,SUDESTE,NORDESTE,"766,387"
10/2019,SUDESTE,SUDESTE,"52055,924"
10/2019,SUDESTE,SUL,"40,693"
10/2019,SUL,CENTRO OESTE,"9,879"
10/2019,SUL,NÃO INFORMADA,"4,972"
10/2019,SUL,SUDESTE,"121443,078"
10/2019,SUL,SUL,"130682,240"
09/2019,NORDESTE,NORDESTE,"38713,400"
09/2019,NORTE / CENTRO OESTE,CENTRO OESTE,"88785,071"
09/2019,NORTE / CENTRO OESTE,NORDESTE,"45447,179"
09/2019,NORTE / CENTRO OESTE,NORTE,"48365,107"
09/2019,NORTE / CENTRO OESTE,SUDESTE,"57712,219"
09/2019,NORTE / CENTRO OESTE,SUL,"1621,930"
09/2019,SUDESTE,CENTRO OESTE,"84,090"
09/2019,SUDESTE,NORDESTE,"115,225"
09/2019,SUDESTE,SUDESTE,"44081,991"
09/2019,SUL,SUDESTE,"114269,661"
09/2019,SUL,SUL,"116104,383"
08/2019,NORDESTE,NORDESTE,"38015,539"
08/2019,NORDESTE,SUDESTE,"273,352"
08/2019,NORTE / CENTRO OESTE,CENTRO OESTE,"80532,331"
08/2019,NORTE / CENTRO OESTE,NÃO INFORMADA,"62,000"
08/2019,NORTE / CENTRO OESTE,NORDESTE,"42427,729"
08/2019,NORTE / CENTRO OESTE,NORTE,"38299,811"
08/2019,NORTE / CENTRO OESTE,SUDESTE,"65403,744"
08/2019,NORTE / CENTRO OESTE,SUL,"849,850"
08/2019,SUDESTE,NORDESTE,"1814,039"
08/2019,SUDESTE,SUDESTE,"38146,955"
08/2019,SUDESTE,SUL,"40,848"
08/2019,SUL,NÃO INFORMADA,"0,020"
08/2019,SUL,SUDESTE,"91713,622"
08/2019,SUL,SUL,"106522,524"
07/2019,NORDESTE,NORDESTE,"35936,158"
07/2019,NORTE / CENTRO OESTE,CENTRO OESTE,"83767,597"
07/2019,NORTE / CENTRO OESTE,NORDESTE,"38322,666"
07/2019,NORTE / CENTRO OESTE,NORTE,"35187,942"
07/2019,NORTE / CENTRO OESTE,SUDESTE,"68243,906"
07/2019,NORTE / CENTRO OESTE,SUL,"473,774"
07/2019,SUDESTE,NORDESTE,"1843,012"
07/2019,SUDESTE,SUDESTE,"34655,198"
07/2019,SUL,NÃO INFORMADA,"1,978"
07/2019,SUL,SUDESTE,"85713,187"
07/2019,SUL,SUL,"114312,833"
06/2019,NORDESTE,NORDESTE,"40059,984"
06/2019,NORTE / CENTRO OESTE,CENTRO OESTE,"70483,349"
06/2019,NORTE / CENTRO OESTE,NORDESTE,"33691,240"
06/2019,NORTE / CENTRO OESTE,NORTE,"31517,824"
06/2019,NORTE / CENTRO OESTE,SUDESTE,"56774,881"
06/2019,NORTE / CENTRO OESTE,SUL,"1280,108"
06/2019,SUDESTE,NORDESTE,"1102,419"
06/2019,SUDESTE,SUDESTE,"39360,031"
06/2019,SUDESTE,SUL,"41,845"
06/2019,SUL,SUDESTE,"81265,591"
06/2019,SUL,SUL,"98700,476"
05/2019,NORDESTE,NORDESTE,"38264,302"
05/2019,NORTE / CENTRO OESTE,CENTRO OESTE,"69303,668"
05/2019,NORTE / CENTRO OESTE,NORDESTE,"29430,537"
05/2019,NORTE / CENTRO OESTE,NORTE,"32076,606"
05/2019,NORTE / CENTRO OESTE,SUDESTE,"54838,124"
05/2019,NORTE / CENTRO OESTE,SUL,"1641,017"
05/2019,SUDESTE,NORDESTE,"933,791"
05/2019,SUDESTE,SUDESTE,"34284,344"
05/2019,SUL,NÃO INFORMADA,"0,025"
05/2019,SUL,SUDESTE,"81658,587"
05/2019,SUL,SUL,"100715,322"
04/2019,NORDESTE,NORDESTE,"32267,153"
04/2019,NORTE / CENTRO OESTE,CENTRO OESTE,"72725,553"
04/2019,NORTE / CENTRO OESTE,NORDESTE,"38593,614"
04/2019,NORTE / CENTRO OESTE,NORTE,"34084,526"
04/2019,NORTE / CENTRO OESTE,SUDESTE,"55308,093"
04/2019,NORTE / CENTRO OESTE,SUL,"2103,342"
04/2019,SUDESTE,SUDESTE,"37923,783"
04/2019,SUL,SUDESTE,"82710,716"
04/2019,SUL,SUL,"113362,982"
03/2019,NORDESTE,NORDESTE,"30214,067"
03/2019,NORTE / CENTRO OESTE,CENTRO OESTE,"74620,497"
03/2019,NORTE / CENTRO OESTE,NORDESTE,"39805,741"
03/2019,NORTE / CENTRO OESTE,NORTE,"36390,247"
03/2019,NORTE / CENTRO OESTE,SUDESTE,"48488,036"
03/2019,NORTE / CENTRO OESTE,SUL,"2751,381"
03/2019,SUDESTE,NORDESTE,"1274,945"
03/2019,SUDESTE,SUDESTE,"31943,581"
03/2019,SUDESTE,SUL,"174,665"
03/2019,SUL,SUDESTE,"77638,928"
03/2019,SUL,SUL,"108833,054"
02/2019,NORDESTE,NORDESTE,"38503,683"
02/2019,NORTE / CENTRO OESTE,CENTRO OESTE,"68631,639"
02/2019,NORTE / CENTRO OESTE,NORDESTE,"24958,713"
02/2019,NORTE / CENTRO OESTE,NORTE,"38982,276"
02/2019,NORTE / CENTRO OESTE,SUDESTE,"41814,504"
02/2019,SUDESTE,NORDESTE,"1311,580"
02/2019,SUDESTE,SUDESTE,"40563,070"
02/2019,SUL,NÃO INFORMADA,"0,005"
02/2019,SUL,SUDESTE,"79685,917"
02/2019,SUL,SUL,"95110,825"
01/2019,NORDESTE,NORDESTE,"41819,846"
01/2019,NORTE / CENTRO OESTE,CENTRO OESTE,"63517,201"
01/2019,NORTE / CENTRO OESTE,NORDESTE,"31969,383"
01/2019,NORTE / CENTRO OESTE,NORTE,"40711,540"
01/2019,NORTE / CENTRO OESTE,SUDESTE,"42797,197"
01/2019,NORTE / CENTRO OESTE,SUL,"280,902"
01/2019,SUDESTE,NORDESTE,"1353,624"
01/2019,SUDESTE,SUDESTE,"39878,085"
01/2019,SUDESTE,SUL,"41,492"
01/2019,SUL,SUDESTE,"78813,157"
01/2019,SUL,SUL,"100909,732"
12/2018,NORDESTE,NORDESTE,"38854,669"
12/2018,NORTE / CENTRO OESTE,CENTRO OESTE,"64690,877"
12/2018,NORTE / CENTRO OESTE,NORDESTE,"37112,260"
12/2018,NORTE / CENTRO OESTE,NORTE,"43746,136"
12/2018,NORTE / CENTRO OESTE,SUDESTE,"58079,017"
12/2018,SUDESTE,NORDESTE,"1320,581"
12/2018,SUDESTE,SUDESTE,"39256,198"
12/2018,SUL,SUDESTE,"72450,008"
12/2018,SUL,SUL,"102726,878"
11/2018,NORDESTE,NORDESTE,"41860,004"
11/2018,NORTE / CENTRO OESTE,CENTRO OESTE,"73189,983"
11/2018,NORTE / CENTRO OESTE,NORDESTE,"35626,689"
11/2018,NORTE / CENTRO OESTE,NORTE,"44068,329"
11/2018,NORTE / CENTRO OESTE,SUDESTE,"55853,588"
11/2018,NORTE / CENTRO OESTE,SUL,"41,332"
11/2018,SUDESTE,NORDESTE,"1099,031"
11/2018,SUDESTE,SUDESTE,"36536,284"
11/2018,SUL,SUDESTE,"86654,529"
11/2018,SUL,SUL,"114614,977"
10/2018,NORDESTE,NORDESTE,"30226,572"
10/2018,NORTE / CENTRO OESTE,CENTRO OESTE,"78630,564"
10/2018,NORTE / CENTRO OESTE,NORDESTE,"52530,065"
10/2018,NORTE / CENTRO OESTE,NORTE,"44357,898"
10/2018,NORTE / CENTRO OESTE,SUDESTE,"51092,256"
10/2018,NORTE / CENTRO OESTE,SUL,"98,342"
10/2018,SUDESTE,CENTRO OESTE,"840,930"
10/2018,SUDESTE,NORDESTE,"703,341"
10/2018,SUDESTE,SUDESTE,"40532,283"
10/2018,SUDESTE,SUL,"86,443"
10/2018,SUL,SUDESTE,"98008,791"
10/2018,SUL,SUL,"108808,483"
09/2018,NORDESTE,NORDESTE,"32898,334"
09/2018,NORTE / CENTRO OESTE,CENTRO OESTE,"71389,206"
09/2018,NORTE / CENTRO OESTE,NORDESTE,"46017,998"
09/2018,NORTE / CENTRO OESTE,NORTE,"40486,441"
09/2018,NORTE / CENTRO OESTE,SUDESTE,"48494,094"
09/2018,NORTE / CENTRO OESTE,SUL,"641,749"
09/2018,SUDESTE,NÃO INFORMADO,"0,001"
09/2018,SUDESTE,SUDESTE,"44617,573"
09/2018,SUDESTE,SUL,"41,782"
09/2018,SUL,SUDESTE,"83487,524"
09/2018,SUL,SUL,"104990,335"
08/2018,NORDESTE,NORDESTE,"27684,303"
08/2018,NORTE / CENTRO OESTE,CENTRO OESTE,"77673,194"
08/2018,NORTE / CENTRO OESTE,NORDESTE,"51966,282"
08/2018,NORTE / CENTRO OESTE,NORTE,"43485,511"
08/2018,NORTE / CENTRO OESTE,SUDESTE,"43622,623"
08/2018,NORTE / CENTRO OESTE,SUL,"293,126"
08/2018,SUDESTE,NORDESTE,"1913,782"
08/2018,SUDESTE,SUDESTE,"43196,185"
08/2018,SUDESTE,SUL,"84,985"
08/2018,SUL,NORDESTE,"220,311"
08/2018,SUL,SUDESTE,"102824,654"
08/2018,SUL,SUL,"119403,100"
07/2018,NORDESTE,NORDESTE,"27457,345"
07/2018,NORTE / CENTRO OESTE,CENTRO OESTE,"77705,910"
07/2018,NORTE / CENTRO OESTE,NORDESTE,"44285,843"
07/2018,NORTE / CENTRO OESTE,NORTE,"37103,743"
07/2018,NORTE / CENTRO OESTE,SUDESTE,"48550,168"
07/2018,NORTE / CENTRO OESTE,SUL,"193,110"
07/2018,SUDESTE,NORDESTE,"1132,344"
07/2018,SUDESTE,SUDESTE,"38657,745"
07/2018,SUDESTE,SUL,"42,359"
07/2018,SUL,NORDESTE,"170,019"
07/2018,SUL,SUDESTE,"96289,153"
07/2018,SUL,SUL,"111901,083"
06/2018,NORDESTE,NORDESTE,"34037,068"
06/2018,NORDESTE,SUDESTE,"306,460"
06/2018,NORTE / CENTRO OESTE,CENTRO OESTE,"76358,088"
06/2018,NORTE / CENTRO OESTE,NÃO INFORMADA,"15,902"
06/2018,NORTE / CENTRO OESTE,NORDESTE,"38821,650"
06/2018,NORTE / CENTRO OESTE,NORTE,"37769,234"
06/2018,NORTE / CENTRO OESTE,SUDESTE,"56860,392"
06/2018,NORTE / CENTRO OESTE,SUL,"794,137"
06/2018,SUDESTE,NORDESTE,"1146,983"
06/2018,SUDESTE,SUDESTE,"41368,529"
06/2018,SUL,SUDESTE,"92438,443"
06/2018,SUL,SUL,"110432,939"
05/2018,NORDESTE,NORDESTE,"23799,934"
05/2018,NORDESTE,SUDESTE,"87,402"
05/2018,NORTE / CENTRO OESTE,CENTRO OESTE,"59881,041"
05/2018,NORTE / CENTRO OESTE,NORDESTE,"30569,690"
05/2018,NORTE / CENTRO OESTE,NORTE,"22542,729"
05/2018,NORTE / CENTRO OESTE,SUDESTE,"30450,665"
05/2018,SUDESTE,NORDESTE,"866,244"
05/2018,SUDESTE,SUDESTE,"28117,875"
05/2018,SUL,SUDESTE,"65072,784"
05/2018,SUL,SUL,"87154,055"
04/2018,NORDESTE,NORDESTE,"30832,547"
04/2018,NORTE / CENTRO OESTE,CENTRO OESTE,"66460,971"
04/2018,NORTE / CENTRO OESTE,NORDESTE,"39230,619"
04/2018,NORTE / CENTRO OESTE,NORTE,"37205,479"
04/2018,NORTE / CENTRO OESTE,SUDESTE,"53283,222"
04/2018,NORTE / CENTRO OESTE,SUL,"1195,757"
04/2018,SUDESTE,CENTRO OESTE,"88,090"
04/2018,SUDESTE,NORDESTE,"43,731"
04/2018,SUDESTE,SUDESTE,"42967,737"
04/2018,SUDESTE,SUL,"40,372"
04/2018,SUL,NORTE,"115,826"
04/2018,SUL,SUDESTE,"75537,785"
04/2018,SUL,SUL,"106260,509"
03/2018,NORDESTE,NORDESTE,"27092,884"
03/2018,NORDESTE,SUDESTE,"1159,897"
03/2018,NORTE / CENTRO OESTE,CENTRO OESTE,"57236,152"
03/2018,NORTE / CENTRO OESTE,NORDESTE,"41008,526"
03/2018,NORTE / CENTRO OESTE,NORTE,"32921,170"
03/2018,NORTE / CENTRO OESTE,SUDESTE,"49461,328"
03/2018,NORTE / CENTRO OESTE,SUL,"416,374"
03/2018,SUDESTE,SUDESTE,"42541,433"
03/2018,SUL,NÃO INFORMADA,"0,006"
03/2018,SUL,SUDESTE,"68273,938"
03/2018,SUL,SUL,"105709,384"
02/2018,NORDESTE,CENTRO OESTE,"336,130"
02/2018,NORDESTE,NORDESTE,"27419,975"
02/2018,NORTE / CENTRO OESTE,CENTRO OESTE,"45210,257"
02/2018,NORTE / CENTRO OESTE,NORDESTE,"22752,600"
02/2018,NORTE / CENTRO OESTE,NORTE,"28105,352"
02/2018,NORTE / CENTRO OESTE,SUDESTE,"32343,014"
02/2018,NORTE / CENTRO OESTE,SUL,"221,578"
02/2018,SUDESTE,CENTRO OESTE,"29,802"
02/2018,SUDESTE,NÃO INFORMADA,"12520,000"
02/2018,SUDESTE,NORDESTE,"962,159"
02/2018,SUDESTE,SUDESTE,"25711,642"
02/2018,SUL,NÃO INFORMADA,"0,989"
02/2018,SUL,SUDESTE,"61847,061"
02/2018,SUL,SUL,"81887,461"
01/2018,NORDESTE,NORDESTE,"28595,409"
01/2018,NORTE / CENTRO OESTE,CENTRO OESTE,"33992,648"
01/2018,NORTE / CENTRO OESTE,NORDESTE,"26378,913"
01/2018,NORTE / CENTRO OESTE,NORTE,"28037,985"
01/2018,NORTE / CENTRO OESTE,SUDESTE,"34186,057"
01/2018,NORTE / CENTRO OESTE,SUL,"84,003"
01/2018,SUDESTE,NORDESTE,"910,180"
01/2018,SUDESTE,SUDESTE,"25542,773"
01/2018,SUL,SUDESTE,"65302,343"
01/2018,SUL,SUL,"70956,940"
12/2017,NORDESTE,NORDESTE,"26171,292"
12/2017,NORTE / CENTRO OESTE,CENTRO OESTE,"35869,783"
12/2017,NORTE / CENTRO OESTE,NORDESTE,"50983,875"
12/2017,NORTE / CENTRO OESTE,NORTE,"17066,490"
12/2017,NORTE / CENTRO OESTE,SUDESTE,"35966,700"
12/2017,SUDESTE,NORDESTE,"83,615"
12/2017,SUDESTE,SUDESTE,"28945,644"
12/2017,SUL,NORDESTE,"315,432"
12/2017,SUL,SUDESTE,"63108,565"
12/2017,SUL,SUL,"83599,129"
11/2017,NORDESTE,NORDESTE,"28584,581"
11/2017,NORDESTE,SUDESTE,"671,829"
11/2017,NORTE / CENTRO OESTE,CENTRO OESTE,"40007,313"
11/2017,NORTE / CENTRO OESTE,NORDESTE,"45468,771"
11/2017,NORTE / CENTRO OESTE,NORTE,"20329,634"
11/2017,NORTE / CENTRO OESTE,SUDESTE,"40149,268"
11/2017,NORTE / CENTRO OESTE,SUL,"1117,591"
11/2017,SUDESTE,CENTRO OESTE,"57,218"
11/2017,SUDESTE,NORDESTE,"80,631"
11/2017,SUDESTE,SUDESTE,"29097,749"
11/2017,SUL,NORDESTE,"392,744"
11/2017,SUL,SUDESTE,"69702,383"
11/2017,SUL,SUL,"87912,201"
10/2017,NORDESTE,NORDESTE,"29744,542"
10/2017,NORTE / CENTRO OESTE,CENTRO OESTE,"46218,977"
10/2017,NORTE / CENTRO OESTE,NORDESTE,"46233,484"
10/2017,NORTE / CENTRO OESTE,NORTE,"20921,787"
10/2017,NORTE / CENTRO OESTE,SUDESTE,"39428,639"
10/2017,NORTE / CENTRO OESTE,SUL,"497,618"
10/2017,SUDESTE,CENTRO OESTE,"85,462"
10/2017,SUDESTE,NORDESTE,"117,990"
10/2017,SUDESTE,SUDESTE,"37836,925"
10/2017,SUDESTE,SUL,"43,859"
10/2017,SUL,CENTRO OESTE,"372,829"
10/2017,SUL,SUDESTE,"68162,810"
10/2017,SUL,SUL,"97549,127"
09/2017,NORDESTE,NORDESTE,"27720,935"
09/2017,NORDESTE,SUDESTE,"87,358"
09/2017,NORTE / CENTRO OESTE,CENTRO OESTE,"41975,783"
09/2017,NORTE / CENTRO OESTE,NORDESTE,"45223,782"
09/2017,NORTE / CENTRO OESTE,NORTE,"18373,306"
09/2017,NORTE / CENTRO OESTE,SUDESTE,"43426,464"
09/2017,NORTE / CENTRO OESTE,SUL,"982,829"
09/2017,SUDESTE,SUDESTE,"37307,081"
09/2017,SUL,SUDESTE,"69779,526"
09/2017,SUL,SUL,"97717,090"
08/2017,NORDESTE,NORDESTE,"28537,574"
08/2017,NORDESTE,SUDESTE,"430,530"
08/2017,NORTE / CENTRO OESTE,CENTRO OESTE,"48724,542"
08/2017,NORTE / CENTRO OESTE,NORDESTE,"40601,593"
08/2017,NORTE / CENTRO OESTE,NORTE,"19160,507"
08/2017,NORTE / CENTRO OESTE,SUDESTE,"53845,332"
08/2017,NORTE / CENTRO OESTE,SUL,"1560,342"
08/2017,SUDESTE,NORDESTE,"959,951"
08/2017,SUDESTE,SUDESTE,"31926,660"
08/2017,SUDESTE,SUL,"41,937"
08/2017,SUL,SUDESTE,"68200,533"
08/2017,SUL,SUL,"90327,369"
07/2017,NORDESTE,NORDESTE,"25147,059"
07/2017,NORDESTE,SUDESTE,"42,639"
07/2017,NORTE / CENTRO OESTE,CENTRO OESTE,"46475,576"
07/2017,NORTE / CENTRO OESTE,NORDESTE,"37448,520"
07/2017,NORTE / CENTRO OESTE,NORTE,"17304,463"
07/2017,NORTE / CENTRO OESTE,SUDESTE,"49335,365"
07/2017,NORTE / CENTRO OESTE,SUL,"1539,801"
07/2017,SUDESTE,CENTRO OESTE,"33,295"
07/2017,SUDESTE,NORDESTE,"5844,711"
07/2017,SUDESTE,SUDESTE,"23890,019"
07/2017,SUDESTE,SUL,"44,366"
07/2017,SUL,SUDESTE,"60895,846"
07/2017,SUL,SUL,"88573,861"
06/2017,NORDESTE,NORDESTE,"21000,138"
06/2017,NORTE / CENTRO OESTE,CENTRO OESTE,"47582,082"
06/2017,NORTE / CENTRO OESTE,NORDESTE,"39100,308"
06/2017,NORTE / CENTRO OESTE,NORTE,"16653,428"
06/2017,NORTE / CENTRO OESTE,SUDESTE,"43962,826"
06/2017,NORTE / CENTRO OESTE,SUL,"3482,776"
06/2017,SUDESTE,CENTRO OESTE,"285,398"
06/2017,SUDESTE,NORDESTE,"8153,167"
06/2017,SUDESTE,SUDESTE,"17737,724"
06/2017,SUL,NORDESTE,"34,867"
06/2017,SUL,SUDESTE,"66476,109"
06/2017,SUL,SUL,"82063,809"
05/2017,NORDESTE,NORDESTE,"21487,045"
05/2017,NORTE / CENTRO OESTE,CENTRO OESTE,"44448,644"
05/2017,NORTE / CENTRO OESTE,NORDESTE,"44247,632"
05/2017,NORTE / CENTRO OESTE,NORTE,"13283,663"
05/2017,NORTE / CENTRO OESTE,SUDESTE,"47427,671"
05/2017,NORTE / CENTRO OESTE,SUL,"1726,351"
05/2017,SUDESTE,NORDESTE,"7309,316"
05/2017,SUDESTE,SUDESTE,"17489,982"
05/2017,SUL,SUDESTE,"71279,266"
05/2017,SUL,SUL,"85200,741"
04/2017,NORDESTE,NORDESTE,"21340,755"
04/2017,NORTE / CENTRO OESTE,CENTRO OESTE,"38300,118"
04/2017,NORTE / CENTRO OESTE,NORDESTE,"36534,061"
04/2017,NORTE / CENTRO OESTE,NORTE,"10159,929"
04/2017,NORTE / CENTRO OESTE,SUDESTE,"47759,974"
04/2017,NORTE / CENTRO OESTE,SUL,"1017,901"
04/2017,SUDESTE,NORDESTE,"6175,147"
04/2017,SUDESTE,SUDESTE,"11904,550"
04/2017,SUL,NORDESTE,"43,771"
04/2017,SUL,SUDESTE,"59909,058"
04/2017,SUL,SUL,"82174,767"
03/2017,NORDESTE,NORDESTE,"22022,344"
03/2017,NORTE / CENTRO OESTE,CENTRO OESTE,"47977,564"
03/2017,NORTE / CENTRO OESTE,NORDESTE,"30677,454"
03/2017,NORTE / CENTRO OESTE,NORTE,"16635,880"
03/2017,NORTE / CENTRO OESTE,SUDESTE,"44342,871"
03/2017,NORTE / CENTRO OESTE,SUL,"1727,971"
03/2017,SUDESTE,NORDESTE,"7152,376"
03/2017,SUDESTE,SUDESTE,"12200,482"
03/2017,SUDESTE,SUL,"41,747"
03/2017,SUL,SUDESTE,"62465,777"
03/2017,SUL,SUL,"91680,449"
02/2017,NORDESTE,NÃO INFORMADA,"90,217"
02/2017,NORDESTE,NORDESTE,"17420,720"
02/2017,NORDESTE,SUDESTE,"376,376"
02/2017,NORTE / CENTRO OESTE,CENTRO OESTE,"36462,762"
02/2017,NORTE / CENTRO OESTE,NORDESTE,"29108,305"
02/2017,NORTE / CENTRO OESTE,NORTE,"7517,155"
02/2017,NORTE / CENTRO OESTE,SUDESTE,"33193,515"
02/2017,NORTE / CENTRO OESTE,SUL,"1282,700"
02/2017,SUDESTE,NORDESTE,"5644,683"
02/2017,SUDESTE,SUDESTE,"17106,630"
02/2017,SUDESTE,SUL,"330,473"
02/2017,SUL,NÃO INFORMADO,"43,692"
02/2017,SUL,SUDESTE,"43243,424"
02/2017,SUL,SUL,"60460,779"
01/2017,NORDESTE,NÃO INFORMADA,"89,316"
01/2017,NORDESTE,NORDESTE,"20324,386"
01/2017,NORDESTE,SUDESTE,"421,146"
01/2017,NORTE / CENTRO OESTE,CENTRO OESTE,"35379,798"
01/2017,NORTE / CENTRO OESTE,NORDESTE,"35581,131"
01/2017,NORTE / CENTRO OESTE,NORTE,"7783,813"
01/2017,NORTE / CENTRO OESTE,SUDESTE,"26634,568"
01/2017,NORTE / CENTRO OESTE,SUL,"788,323"
01/2017,SUDESTE,NORDESTE,"6201,199"
01/2017,SUDESTE,SUDESTE,"17851,154"
01/2017,SUL,NÃO INFORMADO,"130,007"
01/2017,SUL,NORDESTE,"294,226"
01/2017,SUL,SUDESTE,"47590,706"
01/2017,SUL,SUL,"56343,163"
